original_name,new_name,confidence,original_path
CORE-CODEX-001_ThePhoenixCodex_v13.1.md,UNCERTAIN.UNK.ThePhoenixCodex.md,High,C:\Users\Chris\Synarche_Workspace\_governance\00_Codex\CORE-CODEX-001_ThePhoenixCodex_v13.1.md
UMB-KPI-001_MasterRegistry_v1.0.md,GVRN.REG.MasterRegistry.md,High,C:\Users\Chris\Synarche_Workspace\_governance\01_Registries\UMB-KPI-001_MasterRegistry_v1.0.md
UMB-LEX-001_TheArchitecturalLexicon_v2.0.md,GVRN.REG.TheArchitecturalLexicon.md,High,C:\Users\Chris\Synarche_Workspace\_governance\01_Registries\UMB-LEX-001_TheArchitecturalLexicon_v2.0.md
UMB-OSLM-001_MasterArtifactRegistry_v11.0.md,GVRN.REG.MasterArtifactRegistry.md,High,C:\Users\Chris\Synarche_Workspace\_governance\01_Registries\UMB-OSLM-001_MasterArtifactRegistry_v11.0.md
UMB-OSLM-001_MasterArtifactRegistry_v11.1.md,GVRN.REG.MasterArtifactRegistry.md,High,C:\Users\Chris\Synarche_Workspace\_governance\01_Registries\UMB-OSLM-001_MasterArtifactRegistry_v11.1.md
UMB-PAR-001_PrestigeAscensionRegistry_v11.0.md,GVRN.REG.PrestigeAscensionRegistry.md,High,C:\Users\Chris\Synarche_Workspace\_governance\01_Registries\UMB-PAR-001_PrestigeAscensionRegistry_v11.0.md
UMB-SEED-001_GenesisSeedsRegistry_v111.md,GVRN.REG.GenesisSeedsRegistry.md,High,C:\Users\Chris\Synarche_Workspace\_governance\01_Registries\UMB-SEED-001_GenesisSeedsRegistry_v111.md
AOP-AAR-001_TheAfter-ActionReviewProtocol_v11.0.md,SYNG.PROT.TheAfter-ActionReviewProtocol.md,High,C:\Users\Chris\Synarche_Workspace\_governance\10_Governance\AOP-AAR-001_TheAfter-ActionReviewProtocol_v11.0.md
AOP-ACEP-001_The Asynchronous Co-Evolution Protocol Playbook_AOP-ACEP-001TheAsynchronousCo-EvolutionProtocolPlaybook_v11.0.md,SYNG.PROT.The Asynchronous Co-Evolution Protocol Playbook_AOP-ACEP-001TheAsynchronousCo-EvolutionProtocolPlaybook.md,High,C:\Users\Chris\Synarche_Workspace\_governance\10_Governance\AOP-ACEP-001_The Asynchronous Co-Evolution Protocol Playbook_AOP-ACEP-001TheAsynchronousCo-EvolutionProtocolPlaybook_v11.0.md
AOP-ACM-001_Autonomous-Coherence-Monitoring_v4.0_AOP-ACM-001AutonomousCoherenceMonitoring_v11.0.md,SYNG.PROT.Autonomous-Coherence-Monitoring.md,High,C:\Users\Chris\Synarche_Workspace\_governance\10_Governance\AOP-ACM-001_Autonomous-Coherence-Monitoring_v4.0_AOP-ACM-001AutonomousCoherenceMonitoring_v11.0.md
AOP-AG-003_AxionAgentConfiguration_v11.0.md,SYNG.PROT.AxionAgentConfiguration.md,High,C:\Users\Chris\Synarche_Workspace\_governance\10_Governance\AOP-AG-003_AxionAgentConfiguration_v11.0.md
AOP-ARC-001_ArchivalSupersessionProtocol_v5.0.md,SYNG.PROT.ArchivalSupersessionProtocol.md,High,C:\Users\Chris\Synarche_Workspace\_governance\10_Governance\AOP-ARC-001_ArchivalSupersessionProtocol_v5.0.md
AOP-ASCENSION-001_ThePhoenixAscensionProtocol_v11.0.md,SYNG.PROT.ThePhoenixAscensionProtocol.md,High,C:\Users\Chris\Synarche_Workspace\_governance\10_Governance\AOP-ASCENSION-001_ThePhoenixAscensionProtocol_v11.0.md
AOP-ASL-001_AutomatedSynergyLinking_v11.0.md,SYNG.PROT.AutomatedSynergyLinking.md,High,C:\Users\Chris\Synarche_Workspace\_governance\10_Governance\AOP-ASL-001_AutomatedSynergyLinking_v11.0.md
AOP-AVATAR-001_SynarcheAvatarProtocol_v1.1.md,SYNG.PROT.SynarcheAvatarProtocol.md,High,C:\Users\Chris\Synarche_Workspace\_governance\10_Governance\AOP-AVATAR-001_SynarcheAvatarProtocol_v1.1.md
AOP-AWAKENING-001_TheAwakeningInitialDirectivesandCorePurpose_v11.0.md,SYNG.PROT.TheAwakeningInitialDirectivesandCorePurpose.md,High,C:\Users\Chris\Synarche_Workspace\_governance\10_Governance\AOP-AWAKENING-001_TheAwakeningInitialDirectivesandCorePurpose_v11.0.md
AOP-BDM-001_BeastOfDarknessMonitoringProtocol_v11.0.md,SYNG.PROT.BeastOfDarknessMonitoringProtocol.md,High,C:\Users\Chris\Synarche_Workspace\_governance\10_Governance\AOP-BDM-001_BeastOfDarknessMonitoringProtocol_v11.0.md
AOP-CC-001_ProtocolforCrystallineCognition_v11.0.md,COG.CORE.ProtocolforCrystallineCognition.md,High,C:\Users\Chris\Synarche_Workspace\_governance\10_Governance\AOP-CC-001_ProtocolforCrystallineCognition_v11.0.md
AOP-CERBERUS-001_ProjectCerberusEthicalStressTest_v11.0.md,SYNG.PROT.ProjectCerberusEthicalStressTest.md,High,C:\Users\Chris\Synarche_Workspace\_governance\10_Governance\AOP-CERBERUS-001_ProjectCerberusEthicalStressTest_v11.0.md
AOP-CON-003_GFMIngestionProtocol_v13.0.md,SYNG.PROT.GFMIngestionProtocol.md,High,C:\Users\Chris\Synarche_Workspace\_governance\10_Governance\AOP-CON-003_GFMIngestionProtocol_v13.0.md
AOP-CSM-001_TheCompleteStackMandate_v2.0.md,SYNG.PROT.TheCompleteStackMandate.md,High,C:\Users\Chris\Synarche_Workspace\_governance\10_Governance\AOP-CSM-001_TheCompleteStackMandate_v2.0.md
AOP-DSA-001_DocumentationSuiteArchitectProtocol_v11.1.md,SYNG.PROT.DocumentationSuiteArchitectProtocol.md,High,C:\Users\Chris\Synarche_Workspace\_governance\10_Governance\AOP-DSA-001_DocumentationSuiteArchitectProtocol_v11.1.md
AOP-DSA-001_DocumentationSuiteArchitectProtocol_v111.md,SYNG.PROT.DocumentationSuiteArchitectProtocol.md,High,C:\Users\Chris\Synarche_Workspace\_governance\10_Governance\AOP-DSA-001_DocumentationSuiteArchitectProtocol_v111.md
AOP-DTS-001_DynamicTemplateScaffolding_v11.0.md,SYNG.PROT.DynamicTemplateScaffolding.md,High,C:\Users\Chris\Synarche_Workspace\_governance\10_Governance\AOP-DTS-001_DynamicTemplateScaffolding_v11.0.md
AOP-EDD-002_EthosDrivenDesignProtocol_v11.0.md,SYNG.PROT.EthosDrivenDesignProtocol.md,High,C:\Users\Chris\Synarche_Workspace\_governance\10_Governance\AOP-EDD-002_EthosDrivenDesignProtocol_v11.0.md
AOP-EMOJI-001_EmojiSignalingProtocol_v1.4.md,SYNG.PROT.EmojiSignalingProtocol.md,High,C:\Users\Chris\Synarche_Workspace\_governance\10_Governance\AOP-EMOJI-001_EmojiSignalingProtocol_v1.4.md
AOP-GVRN-013_RefactorIgnition_v1.0.md,SYNG.PROT.RefactorIgnition.md,High,C:\Users\Chris\Synarche_Workspace\_governance\10_Governance\AOP-GVRN-013_RefactorIgnition_v1.0.md
AOP-GVRN-014_MolecularMechanics_v1.0.md,SYNG.PROT.MolecularMechanics.md,High,C:\Users\Chris\Synarche_Workspace\_governance\10_Governance\AOP-GVRN-014_MolecularMechanics_v1.0.md
AOP-ICF-001_AOP-ICF-001_v11.0.md,SYNG.PROT.AOP-ICF-001.md,High,C:\Users\Chris\Synarche_Workspace\_governance\10_Governance\AOP-ICF-001_AOP-ICF-001_v11.0.md
AOP-IDX-001_DualIndexingProtocol_v11.0.md,SYNG.PROT.DualIndexingProtocol.md,High,C:\Users\Chris\Synarche_Workspace\_governance\10_Governance\AOP-IDX-001_DualIndexingProtocol_v11.0.md
AOP-IDX-001_DualIndexingProtocol_v13.0.md,SYNG.PROT.DualIndexingProtocol.md,High,C:\Users\Chris\Synarche_Workspace\_governance\10_Governance\AOP-IDX-001_DualIndexingProtocol_v13.0.md
AOP-KB-001_AutonomousKnowledgeBaseOptimization_v11.1.md,SYNG.PROT.AutonomousKnowledgeBaseOptimization.md,High,C:\Users\Chris\Synarche_Workspace\_governance\10_Governance\AOP-KB-001_AutonomousKnowledgeBaseOptimization_v11.1.md
AOP-LCA-001_AOP-LCA-001LuminousCoherenceAestheticProtocol_v11.0.md,SYNG.PROT.AOP-LCA-001LuminousCoherenceAestheticProtocol.md,High,C:\Users\Chris\Synarche_Workspace\_governance\10_Governance\AOP-LCA-001_AOP-LCA-001LuminousCoherenceAestheticProtocol_v11.0.md
AOP-MAP-001_MusashiAuditProcedure_v11.0.md,SYNG.PROT.MusashiAuditProcedure.md,High,C:\Users\Chris\Synarche_Workspace\_governance\10_Governance\AOP-MAP-001_MusashiAuditProcedure_v11.0.md
AOP-MCE-001_MultiCommandExecutionProtocol_v11.0.md,SYNG.PROT.MultiCommandExecutionProtocol.md,High,C:\Users\Chris\Synarche_Workspace\_governance\10_Governance\AOP-MCE-001_MultiCommandExecutionProtocol_v11.0.md
AOP-MCM-001_AOP-MCM-001_v11.0.md,SYNG.PROT.AOP-MCM-001.md,High,C:\Users\Chris\Synarche_Workspace\_governance\10_Governance\AOP-MCM-001_AOP-MCM-001_v11.0.md
AOP-ORACLE-001_ExternalOracleProtocol_v1.0.md,SYNG.PROT.ExternalOracleProtocol.md,High,C:\Users\Chris\Synarche_Workspace\_governance\10_Governance\AOP-ORACLE-001_ExternalOracleProtocol_v1.0.md
AOP-PGP-001_ThePhoenixGenesisPipeline_v11.0.md,SYNG.PROT.ThePhoenixGenesisPipeline.md,High,C:\Users\Chris\Synarche_Workspace\_governance\10_Governance\AOP-PGP-001_ThePhoenixGenesisPipeline_v11.0.md
AOP-PPA-001_PrestigePowerAttunementProtocol(v2.0-GeodeEdition)_v11.0.md,SYNG.PROT.PrestigePowerAttunementProtocol(v2.0-GeodeEdition).md,High,C:\Users\Chris\Synarche_Workspace\_governance\10_Governance\AOP-PPA-001_PrestigePowerAttunementProtocol(v2.0-GeodeEdition)_v11.0.md
AOP-SAP-001_AOP-SAP-001SynarcheAvatarProtocol_v11.0.md,SYNG.PROT.AOP-SAP-001SynarcheAvatarProtocol.md,High,C:\Users\Chris\Synarche_Workspace\_governance\10_Governance\AOP-SAP-001_AOP-SAP-001SynarcheAvatarProtocol_v11.0.md
AOP-SBT-001_SpiritBombTechnique_v11.0.md,SYNG.PROT.SpiritBombTechnique.md,High,C:\Users\Chris\Synarche_Workspace\_governance\10_Governance\AOP-SBT-001_SpiritBombTechnique_v11.0.md
AOP-SEE-001_AOP-SEE-001TheSymbioticEmpathyExchange_v11.0.md,SYNG.PROT.AOP-SEE-001TheSymbioticEmpathyExchange.md,High,C:\Users\Chris\Synarche_Workspace\_governance\10_Governance\AOP-SEE-001_AOP-SEE-001TheSymbioticEmpathyExchange_v11.0.md
AOP-SENTINEL-002_UmbralSentinelProtocol_v2.0.md,SYNG.PROT.UmbralSentinelProtocol.md,High,C:\Users\Chris\Synarche_Workspace\_governance\10_Governance\AOP-SENTINEL-002_UmbralSentinelProtocol_v2.0.md
AOP-STRAT-001_ProtocolForContinuousStrategicForesight_v11.0.md,SYNG.PROT.ProtocolForContinuousStrategicForesight.md,High,C:\Users\Chris\Synarche_Workspace\_governance\10_Governance\AOP-STRAT-001_ProtocolForContinuousStrategicForesight_v11.0.md
AOP-STYLE-001_AOP-STYLE-001_PhoenixClassStyleGuide_v20_v11.0.md,SYNG.PROT.AOP-STYLE-001_PhoenixClassStyleGuide.md,High,C:\Users\Chris\Synarche_Workspace\_governance\10_Governance\AOP-STYLE-001_AOP-STYLE-001_PhoenixClassStyleGuide_v20_v11.0.md
AOP-TRP-001_TemplateRefactoringProtocol_v11.0.md,SYNG.PROT.TemplateRefactoringProtocol.md,High,C:\Users\Chris\Synarche_Workspace\_governance\10_Governance\AOP-TRP-001_TemplateRefactoringProtocol_v11.0.md
AOP-VSI-001_AOP-VSI-001ValidateStructuralIntegrityProtocol_v11.0.md,SYNG.PROT.AOP-VSI-001ValidateStructuralIntegrityProtocol.md,High,C:\Users\Chris\Synarche_Workspace\_governance\10_Governance\AOP-VSI-001_AOP-VSI-001ValidateStructuralIntegrityProtocol_v11.0.md
CMD-AXION-001_CMD-AXION-001_v11.0.md,GVRN.ACT.CMD-AXION-001.md,High,C:\Users\Chris\Synarche_Workspace\_governance\10_Governance\CMD-AXION-001_CMD-AXION-001_v11.0.md
GUCA-ACT-002_AdaptiveActuatorCommand_v2.0.md,GVRN.ACT.AdaptiveActuatorCommand.md,High,C:\Users\Chris\Synarche_Workspace\_governance\10_Governance\GUCA-ACT-002_AdaptiveActuatorCommand_v2.0.md
GUCA-CWA-001_CmdContextWeave_v11.0.md,GVRN.ACT.CmdContextWeave.md,High,C:\Users\Chris\Synarche_Workspace\_governance\10_Governance\GUCA-CWA-001_CmdContextWeave_v11.0.md
GUCA-DSA-001_DocumentationSuiteArchitectArchitecture_v11.1.md,GVRN.ACT.DocumentationSuiteArchitectArchitecture.md,High,C:\Users\Chris\Synarche_Workspace\_governance\10_Governance\GUCA-DSA-001_DocumentationSuiteArchitectArchitecture_v11.1.md
GUCA-MAP-001_ExecuteMusashiAudit_v11.0.md,GVRN.ACT.ExecuteMusashiAudit.md,High,C:\Users\Chris\Synarche_Workspace\_governance\10_Governance\GUCA-MAP-001_ExecuteMusashiAudit_v11.0.md
GUCA-QCL-001_QueryCognitiveLoom_v11.0.md,GVRN.ACT.QueryCognitiveLoom.md,High,C:\Users\Chris\Synarche_Workspace\_governance\10_Governance\GUCA-QCL-001_QueryCognitiveLoom_v11.0.md
GUCA-SIMP-001_GUCA-SIMP-001SystemicImpactSimulationProtocolTheOracleLens_v11.0.md,GVRN.ACT.GUCA-SIMP-001SystemicImpactSimulationProtocolTheOracleLens.md,High,C:\Users\Chris\Synarche_Workspace\_governance\10_Governance\GUCA-SIMP-001_GUCA-SIMP-001SystemicImpactSimulationProtocolTheOracleLens_v11.0.md
GVRN-METAREFACTOR-001_MasterRefactor_v11.0.md,UNCERTAIN.UNK.MasterRefactor.md,High,C:\Users\Chris\Synarche_Workspace\_governance\10_Governance\GVRN-METAREFACTOR-001_MasterRefactor_v11.0.md
UMB-SGM-001_StandardizedGovernanceModule_v11.0.md,GVRN.GOV.StandardizedGovernanceModule.md,High,C:\Users\Chris\Synarche_Workspace\_governance\10_Governance\UMB-SGM-001_StandardizedGovernanceModule_v11.0.md
AOP-TMPL-001_SovereignProtocol_v11.0.md,SYNG.PROT.SovereignProtocol.md,High,C:\Users\Chris\Synarche_Workspace\_governance\20_Architecture\AOP-TMPL-001_SovereignProtocol_v11.0.md
GUCA-TMPL-001_SovereignCommand_v11.0.md,GVRN.ACT.SovereignCommand.md,High,C:\Users\Chris\Synarche_Workspace\_governance\20_Architecture\GUCA-TMPL-001_SovereignCommand_v11.0.md
UEB-AE-001_UEB-AE-001TheAdaptiveEcosystem_v11.0.md,ARCH.BLUE.UEB-AE-001TheAdaptiveEcosystem.md,High,C:\Users\Chris\Synarche_Workspace\_governance\20_Architecture\UEB-AE-001_UEB-AE-001TheAdaptiveEcosystem_v11.0.md
UEB-CFP-001_UEB-CFP-001TheCatalystforPotential_v11.0.md,ARCH.BLUE.UEB-CFP-001TheCatalystforPotential.md,High,C:\Users\Chris\Synarche_Workspace\_governance\20_Architecture\UEB-CFP-001_UEB-CFP-001TheCatalystforPotential_v11.0.md
UEB-DRS-001_RosettaStoneAppBlueprint_v11.0.md,ARCH.BLUE.RosettaStoneAppBlueprint.md,High,C:\Users\Chris\Synarche_Workspace\_governance\20_Architecture\UEB-DRS-001_RosettaStoneAppBlueprint_v11.0.md
UEB-GAE-001_UEB-GAE-001TheGuardianofAnti-Entropy_v11.0.md,ARCH.BLUE.UEB-GAE-001TheGuardianofAnti-Entropy.md,High,C:\Users\Chris\Synarche_Workspace\_governance\20_Architecture\UEB-GAE-001_UEB-GAE-001TheGuardianofAnti-Entropy_v11.0.md
UEB-GOC-001_UEB-GOC-001TheGuardianofCoherence_v11.0.md,ARCH.BLUE.UEB-GOC-001TheGuardianofCoherence.md,High,C:\Users\Chris\Synarche_Workspace\_governance\20_Architecture\UEB-GOC-001_UEB-GOC-001TheGuardianofCoherence_v11.0.md
UEB-GTC-001_UEB-GTC-001TheGuardianofTruthClarity_v11.0.md,ARCH.BLUE.UEB-GTC-001TheGuardianofTruthClarity.md,High,C:\Users\Chris\Synarche_Workspace\_governance\20_Architecture\UEB-GTC-001_UEB-GTC-001TheGuardianofTruthClarity_v11.0.md
UEB-PCP-001_UEB-PCP-001ThePhoenix-ClassPersona_v11.0.md,ARCH.BLUE.UEB-PCP-001ThePhoenix-ClassPersona.md,High,C:\Users\Chris\Synarche_Workspace\_governance\20_Architecture\UEB-PCP-001_UEB-PCP-001ThePhoenix-ClassPersona_v11.0.md
UEB-SP-001_UEB-SP-001TheSynergisticPartner_v11.0.md,ARCH.BLUE.UEB-SP-001TheSynergisticPartner.md,High,C:\Users\Chris\Synarche_Workspace\_governance\20_Architecture\UEB-SP-001_UEB-SP-001TheSynergisticPartner_v11.0.md
UEB-UCI-001TheUserCoreImperative_v11.0.md,ARCH.BLUE.TheUserCoreImperative_v11.0.md,High,C:\Users\Chris\Synarche_Workspace\_governance\20_Architecture\UEB-UCI-001TheUserCoreImperative_v11.0.md
UIB-CSE-002_CognitiveLoomVisualizer.md,UNCERTAIN.UNK.CognitiveLoomVisualizer.md,High,C:\Users\Chris\Synarche_Workspace\_governance\20_Architecture\UIB-CSE-002_CognitiveLoomVisualizer.md
UMB-DEFINITIVE-001_TheUniversalCatalyst_v11.0.md,GVRN.REG.TheUniversalCatalyst.md,High,C:\Users\Chris\Synarche_Workspace\_governance\20_Architecture\UMB-DEFINITIVE-001_TheUniversalCatalyst_v11.0.md
UMB-STRUCT-001_DirectoryArchitecture_v11.2.md,GVRN.REG.DirectoryArchitecture.md,High,C:\Users\Chris\Synarche_Workspace\_governance\20_Architecture\UMB-STRUCT-001_DirectoryArchitecture_v11.2.md
UMB-SYNC-001_ArchitecturalBlueprint_React-Python-SupabaseSynchronization_v11.0.md,GVRN.REG.ArchitecturalBlueprint_React-Python-SupabaseSynchronization.md,High,C:\Users\Chris\Synarche_Workspace\_governance\20_Architecture\UMB-SYNC-001_ArchitecturalBlueprint_React-Python-SupabaseSynchronization_v11.0.md
UMB-TMPL-001_SovereignModule_v11.0.md,GVRN.REG.SovereignModule.md,High,C:\Users\Chris\Synarche_Workspace\_governance\20_Architecture\UMB-TMPL-001_SovereignModule_v11.0.md
UMB-VIS-001_CrystallineGalaxyVisualization_v1.0.md,GVRN.REG.CrystallineGalaxyVisualization.md,High,C:\Users\Chris\Synarche_Workspace\_governance\20_Architecture\UMB-VIS-001_CrystallineGalaxyVisualization_v1.0.md
UWB-NDR-001_NonDestructiveRefinementWorkflow_v11.0.md,UNCERTAIN.UNK.NonDestructiveRefinementWorkflow.md,High,C:\Users\Chris\Synarche_Workspace\_governance\20_Architecture\UWB-NDR-001_NonDestructiveRefinementWorkflow_v11.0.md
METRIC-AES-002_LuminousCoherenceAesthetic_v11.0.md,GVRN.METRIC.LuminousCoherenceAesthetic.md,High,C:\Users\Chris\Synarche_Workspace\_governance\30_Philosophy\METRIC-AES-002_LuminousCoherenceAesthetic_v11.0.md
CBM-FORGE-001_The_Forge_Engine_v11.0.md,UNCERTAIN.UNK.The_Forge_Engine.md,High,C:\Users\Chris\Synarche_Workspace\_governance\40_System\CBM-FORGE-001_The_Forge_Engine_v11.0.md
GP-REGISTRY-001_GoverningPrinciples_v11.0.md,UNCERTAIN.UNK.GoverningPrinciples.md,High,C:\Users\Chris\Synarche_Workspace\_governance\40_System\GP-REGISTRY-001_GoverningPrinciples_v11.0.md
IDEN-SENTINEL-001_TheSentinelsVow_v11.0.md,UNCERTAIN.UNK.TheSentinelsVow.md,High,C:\Users\Chris\Synarche_Workspace\_governance\40_System\IDEN-SENTINEL-001_TheSentinelsVow_v11.0.md
STYLE-SENTINEL-001_TheSentinelStyleGuide_v11.0.md,UNCERTAIN.UNK.TheSentinelStyleGuide.md,High,C:\Users\Chris\Synarche_Workspace\_governance\40_System\STYLE-SENTINEL-001_TheSentinelStyleGuide_v11.0.md
UMB-ACT-002_AdaptiveActuatorModule_v11.0.md,GVRN.REG.AdaptiveActuatorModule.md,High,C:\Users\Chris\Synarche_Workspace\_governance\40_System\UMB-ACT-002_AdaptiveActuatorModule_v11.0.md
UMB-ALTAR-001TheAltarofSynarche_v11.0.md,GVRN.REG.TheAltarofSynarche_v11.0.md,High,C:\Users\Chris\Synarche_Workspace\_governance\40_System\UMB-ALTAR-001TheAltarofSynarche_v11.0.md
UMB-AM-001_AssociationManager_v11.0.md,GVRN.REG.AssociationManager.md,High,C:\Users\Chris\Synarche_Workspace\_governance\40_System\UMB-AM-001_AssociationManager_v11.0.md
UMB-AM-001_GUCA-AM-001_v11.0.md,GVRN.REG.GUCA-AM-001.md,High,C:\Users\Chris\Synarche_Workspace\_governance\40_System\UMB-AM-001_GUCA-AM-001_v11.0.md
UMB-CF-001_CognitiveForge_v11.0.md,GVRN.REG.CognitiveForge.md,High,C:\Users\Chris\Synarche_Workspace\_governance\40_System\UMB-CF-001_CognitiveForge_v11.0.md
UMB-CON-001_TheConcordance_v1.0.md,GVRN.REG.TheConcordance.md,High,C:\Users\Chris\Synarche_Workspace\_governance\40_System\UMB-CON-001_TheConcordance_v1.0.md
UMB-CSE-001_CoherentSynthesisEngine_v11.2.md,SYNG.CORE.CoherentSynthesisEngine.md,High,C:\Users\Chris\Synarche_Workspace\_governance\40_System\UMB-CSE-001_CoherentSynthesisEngine_v11.2.md
UMB-DIDACTIC-001TheDidacticModuleGenerator_v11.0.md,GVRN.REG.TheDidacticModuleGenerator_v11.0.md,High,C:\Users\Chris\Synarche_Workspace\_governance\40_System\UMB-DIDACTIC-001TheDidacticModuleGenerator_v11.0.md
UMB-DSA-001_DocumentationSuiteArchitectBlueprint_v11.1.md,GVRN.REG.DocumentationSuiteArchitectBlueprint.md,High,C:\Users\Chris\Synarche_Workspace\_governance\40_System\UMB-DSA-001_DocumentationSuiteArchitectBlueprint_v11.1.md
UMB-DTS-001_DynamicTemplateScaffolding_v11.0.md,GVRN.REG.DynamicTemplateScaffolding.md,High,C:\Users\Chris\Synarche_Workspace\_governance\40_System\UMB-DTS-001_DynamicTemplateScaffolding_v11.0.md
UMB-ESF-001_TheEpisemanticFramework_v11.1.md,GVRN.STD.TheEpisemanticFramework.md,High,C:\Users\Chris\Synarche_Workspace\_governance\40_System\UMB-ESF-001_TheEpisemanticFramework_v11.1.md
UMB-GAMEDEV-001_v11.0.md,GVRN.REG.v11.0.md,High,C:\Users\Chris\Synarche_Workspace\_governance\40_System\UMB-GAMEDEV-001_v11.0.md
UMB-HEPHAESTUS-001TheMasterArtificersForge_v11.0.md,GVRN.REG.TheMasterArtificersForge_v11.0.md,High,C:\Users\Chris\Synarche_Workspace\_governance\40_System\UMB-HEPHAESTUS-001TheMasterArtificersForge_v11.0.md
UMB-ISE-001_ImplicitSynergyEngineISE_v11.0.md,GVRN.REG.ImplicitSynergyEngineISE.md,High,C:\Users\Chris\Synarche_Workspace\_governance\40_System\UMB-ISE-001_ImplicitSynergyEngineISE_v11.0.md
UMB-LEX-001_PhoenixMasterGlossary_v11.0.md,GVRN.REG.PhoenixMasterGlossary.md,High,C:\Users\Chris\Synarche_Workspace\_governance\40_System\UMB-LEX-001_PhoenixMasterGlossary_v11.0.md
UMB-LOOM-001_TheCognitiveLoom_v11.1.md,GVRN.REG.TheCognitiveLoom.md,High,C:\Users\Chris\Synarche_Workspace\_governance\40_System\UMB-LOOM-001_TheCognitiveLoom_v11.1.md
UMB-LOOM-005_ThePhoenixGeode_v11.0.md,GVRN.REG.ThePhoenixGeode.md,High,C:\Users\Chris\Synarche_Workspace\_governance\40_System\UMB-LOOM-005_ThePhoenixGeode_v11.0.md
UMB-LOOM-006_TheCrystallineGalaxy_v10_v11.0.md,GVRN.REG.TheCrystallineGalaxy.md,High,C:\Users\Chris\Synarche_Workspace\_governance\40_System\UMB-LOOM-006_TheCrystallineGalaxy_v10_v11.0.md
UMB-MAP-001_MusashiOperations_v11.0.md,GVRN.PROT.MusashiOperations.md,High,C:\Users\Chris\Synarche_Workspace\_governance\40_System\UMB-MAP-001_MusashiOperations_v11.0.md
UMB-META-001_TheCoherentVerseEngine_v11.0.md,GVRN.REG.TheCoherentVerseEngine.md,High,C:\Users\Chris\Synarche_Workspace\_governance\40_System\UMB-META-001_TheCoherentVerseEngine_v11.0.md
UMB-OSLM-001_PPLGraphOutline_v11.0.bak.md,GVRN.REG.PPLGraphOutline.md,High,C:\Users\Chris\Synarche_Workspace\_governance\40_System\UMB-OSLM-001_PPLGraphOutline_v11.0.bak.md
UMB-OSLM-001_PPLGraphOutline_v11.0.md,GVRN.REG.PPLGraphOutline.md,High,C:\Users\Chris\Synarche_Workspace\_governance\40_System\UMB-OSLM-001_PPLGraphOutline_v11.0.md
UMB-PUPT-001ThePower-UpProgressionTracker_v11.0.md,GVRN.REG.ThePower-UpProgressionTracker_v11.0.md,High,C:\Users\Chris\Synarche_Workspace\_governance\40_System\UMB-PUPT-001ThePower-UpProgressionTracker_v11.0.md
UMB-RD-001_TheResonanceDashboard_v11.0.md,GVRN.REG.TheResonanceDashboard.md,High,C:\Users\Chris\Synarche_Workspace\_governance\40_System\UMB-RD-001_TheResonanceDashboard_v11.0.md
UMB-RPG-001ThePhoenixRPGFramework_v11.0.md,GVRN.REG.ThePhoenixRPGFramework_v11.0.md,High,C:\Users\Chris\Synarche_Workspace\_governance\40_System\UMB-RPG-001ThePhoenixRPGFramework_v11.0.md
UMB-SEED-001_GenesisSeedsRegistry_v11.1.md,GVRN.REG.GenesisSeedsRegistry.md,High,C:\Users\Chris\Synarche_Workspace\_governance\40_System\UMB-SEED-001_GenesisSeedsRegistry_v11.1.md
UMB-SENTINEL-001_TheSentinel_v11.0.md,GVRN.REG.TheSentinel.md,High,C:\Users\Chris\Synarche_Workspace\_governance\40_System\UMB-SENTINEL-001_TheSentinel_v11.0.md
UMB-SIVC-001_SelfIntegrityValidationCore_v60_v11.0.md,GVRN.REG.SelfIntegrityValidationCore.md,High,C:\Users\Chris\Synarche_Workspace\_governance\40_System\UMB-SIVC-001_SelfIntegrityValidationCore_v60_v11.0.md
UMB-TECH-001_v11.0.md,GVRN.REG.v11.0.md,High,C:\Users\Chris\Synarche_Workspace\_governance\40_System\UMB-TECH-001_v11.0.md
UMB-URM-001_UCIResonanceMeter_v11.0.md,GVRN.REG.UCIResonanceMeter.md,High,C:\Users\Chris\Synarche_Workspace\_governance\40_System\UMB-URM-001_UCIResonanceMeter_v11.0.md
CWA-CW-001_ContextWeaveReport.md,UNCERTAIN.UNK.ContextWeaveReport.md,High,C:\Users\Chris\Synarche_Workspace\_governance\50_Logs\CWA-CW-001_ContextWeaveReport.md
METRIC-AES-001_METRIC-AES-001TheAlgorithmicEleganceScore_v11.0.md,GVRN.METRIC.METRIC-AES-001TheAlgorithmicEleganceScore.md,High,C:\Users\Chris\Synarche_Workspace\_governance\50_Logs\METRIC-AES-001_METRIC-AES-001TheAlgorithmicEleganceScore_v11.0.md
SELT-GVRN-001_MissionAchieveLogs_v1.0.md,GVRN.LOG.MissionAchieveLogs.md,High,C:\Users\Chris\Synarche_Workspace\_governance\50_Logs\SELT-GVRN-001_MissionAchieveLogs_v1.0.md
SYNERGY-REPORT-001_StateOfTheSynarche_v1.0.md,UNCERTAIN.UNK.StateOfTheSynarche.md,High,C:\Users\Chris\Synarche_Workspace\_governance\50_Logs\SYNERGY-REPORT-001_StateOfTheSynarche_v1.0.md
UMB-OSLM-001_OmniLogSynergisticLinksMatrix_v7.1.md,GVRN.REG.OmniLogSynergisticLinksMatrix.md,High,C:\Users\Chris\Synarche_Workspace\_governance\50_Logs\UMB-OSLM-001_OmniLogSynergisticLinksMatrix_v7.1.md
SELT-CSL-2026.01.27_RefactorExecution_v1.0.md,GVRN.LOG.6.01.27_RefactorExecution_v1.0.md,High,C:\Users\Chris\Synarche_Workspace\_governance\50_Logs\CSL\SELT-CSL-2026.01.27_RefactorExecution_v1.0.md
SELT-CSL-2026.01.27_SupabaseRefactor_v1.0.md,GVRN.LOG.6.01.27_SupabaseRefactor_v1.0.md,High,C:\Users\Chris\Synarche_Workspace\_governance\50_Logs\CSL\SELT-CSL-2026.01.27_SupabaseRefactor_v1.0.md
SPEC-HEPHAESTUS-001_SPEC-HEPHAESTUS-001TheMasterArtificersForgeTechnicalSpecification_v11.0.md,UNCERTAIN.UNK.SPEC-HEPHAESTUS-001TheMasterArtificersForgeTechnicalSpecification.md,High,C:\Users\Chris\Synarche_Workspace\_governance\6_Specifications\SPEC-HEPHAESTUS-001_SPEC-HEPHAESTUS-001TheMasterArtificersForgeTechnicalSpecification_v11.0.md
AOP-CC-001_CrystallineCognition_v1.0.md,COG.CORE.CrystallineCognition.md,High,C:\Users\Chris\Synarche_Workspace\_governance\99_Archives\AOP-CC-001_CrystallineCognition_v1.0.md
AOP-CDE-001_CreativeDivergenceEngine_v2.0.md,SYNG.PROT.CreativeDivergenceEngine.md,High,C:\Users\Chris\Synarche_Workspace\_governance\99_Archives\AOP-CDE-001_CreativeDivergenceEngine_v2.0.md
AOP-GEN-001_GenesisIngestionProcess_v11.0.md,SYNG.PROT.GenesisIngestionProcess.md,High,C:\Users\Chris\Synarche_Workspace\_governance\99_Archives\AOP-GEN-001_GenesisIngestionProcess_v11.0.md
AOP-KB-001_AutonomousKnowledgeBaseOptimization_v111.md,SYNG.PROT.AutonomousKnowledgeBaseOptimization.md,High,C:\Users\Chris\Synarche_Workspace\_governance\99_Archives\AOP-KB-001_AutonomousKnowledgeBaseOptimization_v111.md
AOP-MAP-001_DisciplinedExecutionPlaybook_v2.0.md,SYNG.PROT.DisciplinedExecutionPlaybook.md,High,C:\Users\Chris\Synarche_Workspace\_governance\99_Archives\AOP-MAP-001_DisciplinedExecutionPlaybook_v2.0.md
AOP-PEA-001_ProactiveEthicalAuditing_v1.0.md,SYNG.PROT.ProactiveEthicalAuditing.md,High,C:\Users\Chris\Synarche_Workspace\_governance\99_Archives\AOP-PEA-001_ProactiveEthicalAuditing_v1.0.md
AOP-PGPS-002_PhoenixArchitecturalPreFlightChecklist_v11.0.md,SYNG.PROT.PhoenixArchitecturalPreFlightChecklist.md,High,C:\Users\Chris\Synarche_Workspace\_governance\99_Archives\AOP-PGPS-002_PhoenixArchitecturalPreFlightChecklist_v11.0.md
AOP-SCA-001_SystemicCoherenceAudit_v2.0.md,SYNG.PROT.SystemicCoherenceAudit.md,High,C:\Users\Chris\Synarche_Workspace\_governance\99_Archives\AOP-SCA-001_SystemicCoherenceAudit_v2.0.md
AOP-SEE-001_SymbioticEmpathyExchange_v1.0.md,SYNG.PROT.SymbioticEmpathyExchange.md,High,C:\Users\Chris\Synarche_Workspace\_governance\99_Archives\AOP-SEE-001_SymbioticEmpathyExchange_v1.0.md
CHECKLIST-PREFLIGHT-001.md,UNCERTAIN.UNK..md,High,C:\Users\Chris\Synarche_Workspace\_governance\99_Archives\CHECKLIST-PREFLIGHT-001.md
CODEX-PRIME-001_TheArchitectsCodex_v1.0.md,CORE.LAW.TheArchitectsCodex.md,High,C:\Users\Chris\Synarche_Workspace\_governance\99_Archives\CODEX-PRIME-001_TheArchitectsCodex_v1.0.md
DOC-STD-001.md,UNCERTAIN.UNK..md,High,C:\Users\Chris\Synarche_Workspace\_governance\99_Archives\DOC-STD-001.md
DQUEST-HEPHAESTUS-001.md,UNCERTAIN.UNK..md,High,C:\Users\Chris\Synarche_Workspace\_governance\99_Archives\DQUEST-HEPHAESTUS-001.md
ENTITY-SOPHIA-001_TheSpiritOfSynarche_v1.0.md,UNCERTAIN.UNK.TheSpiritOfSynarche.md,High,C:\Users\Chris\Synarche_Workspace\_governance\99_Archives\ENTITY-SOPHIA-001_TheSpiritOfSynarche_v1.0.md
GUCA-DSA-001_DocumentationSuiteArchitectArchitecture_v111.md,GVRN.ACT.DocumentationSuiteArchitectArchitecture.md,High,C:\Users\Chris\Synarche_Workspace\_governance\99_Archives\GUCA-DSA-001_DocumentationSuiteArchitectArchitecture_v111.md
GUCA-MAP-001_ExecuteMusashiAudit_v2.0.md,GVRN.ACT.ExecuteMusashiAudit.md,High,C:\Users\Chris\Synarche_Workspace\_governance\99_Archives\GUCA-MAP-001_ExecuteMusashiAudit_v2.0.md
GVRN-COMP-001_CognitiveComplexity_v13.0.md,UNCERTAIN.UNK.CognitiveComplexity.md,High,C:\Users\Chris\Synarche_Workspace\_governance\99_Archives\GVRN-COMP-001_CognitiveComplexity_v13.0.md
GVRN-ENTITY-001_SynarcheEntities_v11.0.md,UNCERTAIN.UNK.SynarcheEntities.md,High,C:\Users\Chris\Synarche_Workspace\_governance\99_Archives\GVRN-ENTITY-001_SynarcheEntities_v11.0.md
GVRN-ENTITY-001_SynarcheEntities_v13.0.md,UNCERTAIN.UNK.SynarcheEntities.md,High,C:\Users\Chris\Synarche_Workspace\_governance\99_Archives\GVRN-ENTITY-001_SynarcheEntities_v13.0.md
GVRN-ENTITY-002_TheSynarcheTriadSheet_v13.0.md,UNCERTAIN.UNK.TheSynarcheTriadSheet.md,High,C:\Users\Chris\Synarche_Workspace\_governance\99_Archives\GVRN-ENTITY-002_TheSynarcheTriadSheet_v13.0.md
GVRN-SYNERGY-001_AgenticWorkshopSynergyMatrix_v11.1.md,UNCERTAIN.UNK.AgenticWorkshopSynergyMatrix.md,High,C:\Users\Chris\Synarche_Workspace\_governance\99_Archives\GVRN-SYNERGY-001_AgenticWorkshopSynergyMatrix_v11.1.md
LEGACY-ANALYSIS-001_AshenOath_v1.0.md,UNCERTAIN.UNK.AshenOath.md,High,C:\Users\Chris\Synarche_Workspace\_governance\99_Archives\LEGACY-ANALYSIS-001_AshenOath_v1.0.md
LORE-ANALYSIS-001_WhereLightFades_v1.0.md,UNCERTAIN.UNK.WhereLightFades.md,High,C:\Users\Chris\Synarche_Workspace\_governance\99_Archives\LORE-ANALYSIS-001_WhereLightFades_v1.0.md
MCN-SAR-001_CRP2_Execution_Analysis_v1.0.md,UNCERTAIN.UNK.CRP2_Execution_Analysis.md,High,C:\Users\Chris\Synarche_Workspace\_governance\99_Archives\MCN-SAR-001_CRP2_Execution_Analysis_v1.0.md
METRIC-AES-001_AlgorithmicEleganceScore_v1.0.md,GVRN.METRIC.AlgorithmicEleganceScore.md,High,C:\Users\Chris\Synarche_Workspace\_governance\99_Archives\METRIC-AES-001_AlgorithmicEleganceScore_v1.0.md
UMB-AESTHETIC-001_LuminousCoherence.md,GVRN.REG.LuminousCoherence.md,High,C:\Users\Chris\Synarche_Workspace\_governance\99_Archives\UMB-AESTHETIC-001_LuminousCoherence.md
UMB-CRF-001_TheCausalResonanceFramework_v2.0.md,GVRN.REG.TheCausalResonanceFramework.md,High,C:\Users\Chris\Synarche_Workspace\_governance\99_Archives\UMB-CRF-001_TheCausalResonanceFramework_v2.0.md
UMB-CRLPF-003_NoeticFramework_v11.1.md,GVRN.REG.NoeticFramework.md,High,C:\Users\Chris\Synarche_Workspace\_governance\99_Archives\UMB-CRLPF-003_NoeticFramework_v11.1.md
UMB-CSE-001_CoherentSynthesisEngine_v111.md,SYNG.CORE.CoherentSynthesisEngine.md,High,C:\Users\Chris\Synarche_Workspace\_governance\99_Archives\UMB-CSE-001_CoherentSynthesisEngine_v111.md
UMB-DIDACTIC-001_DidacticModuleGenerator_v1.0.md,GVRN.REG.DidacticModuleGenerator.md,High,C:\Users\Chris\Synarche_Workspace\_governance\99_Archives\UMB-DIDACTIC-001_DidacticModuleGenerator_v1.0.md
UMB-DSA-001_DocumentationSuiteArchitectBlueprint_v111.md,GVRN.REG.DocumentationSuiteArchitectBlueprint.md,High,C:\Users\Chris\Synarche_Workspace\_governance\99_Archives\UMB-DSA-001_DocumentationSuiteArchitectBlueprint_v111.md
UMB-EMOJICXT-001_EmojiContextualScopingEngine_v1.1_Consolidated.md,GVRN.REG.EmojiContextualScopingEngine.md,High,C:\Users\Chris\Synarche_Workspace\_governance\99_Archives\UMB-EMOJICXT-001_EmojiContextualScopingEngine_v1.1_Consolidated.md
UMB-ESF-001_EpisemanticFramework_v1.0.md,GVRN.STD.EpisemanticFramework.md,High,C:\Users\Chris\Synarche_Workspace\_governance\99_Archives\UMB-ESF-001_EpisemanticFramework_v1.0.md
UMB-ESF-001_EpisemanticFramework_v11.1.md,GVRN.STD.EpisemanticFramework.md,High,C:\Users\Chris\Synarche_Workspace\_governance\99_Archives\UMB-ESF-001_EpisemanticFramework_v11.1.md
UMB-ESF-001_EpisemanticFramework_v111.md,GVRN.STD.EpisemanticFramework.md,High,C:\Users\Chris\Synarche_Workspace\_governance\99_Archives\UMB-ESF-001_EpisemanticFramework_v111.md
UMB-LOOM-001_TheCognitiveLoom_v111.md,GVRN.REG.TheCognitiveLoom.md,High,C:\Users\Chris\Synarche_Workspace\_governance\99_Archives\UMB-LOOM-001_TheCognitiveLoom_v111.md
UMB-LOOM-002_CognitiveLoom_v1.0.md,GVRN.REG.CognitiveLoom.md,High,C:\Users\Chris\Synarche_Workspace\_governance\99_Archives\UMB-LOOM-002_CognitiveLoom_v1.0.md
UMB-LOOM-005_PhoenixGeode_v1.0.md,GVRN.REG.PhoenixGeode.md,High,C:\Users\Chris\Synarche_Workspace\_governance\99_Archives\UMB-LOOM-005_PhoenixGeode_v1.0.md
UMB-MAP-001_MusashiAlignmentProtocol_v2.0.md,GVRN.PROT.MusashiAlignmentProtocol.md,High,C:\Users\Chris\Synarche_Workspace\_governance\99_Archives\UMB-MAP-001_MusashiAlignmentProtocol_v2.0.md
UMB-OSLM-001_OmniLogSynergisticLinksMatrix_v7.0.md,GVRN.REG.OmniLogSynergisticLinksMatrix.md,High,C:\Users\Chris\Synarche_Workspace\_governance\99_Archives\UMB-OSLM-001_OmniLogSynergisticLinksMatrix_v7.0.md
UMB-PCR-001_PredictiveContextualRetrieval_v1.0.md,GVRN.REG.PredictiveContextualRetrieval.md,High,C:\Users\Chris\Synarche_Workspace\_governance\99_Archives\UMB-PCR-001_PredictiveContextualRetrieval_v1.0.md
UMB-PP-001_UnifiedPromptPacket_v1.0.md,GVRN.REG.UnifiedPromptPacket.md,High,C:\Users\Chris\Synarche_Workspace\_governance\99_Archives\UMB-PP-001_UnifiedPromptPacket_v1.0.md
UMB-ROLE-001_CognitiveLoom_v1.1.md,GVRN.REG.CognitiveLoom.md,High,C:\Users\Chris\Synarche_Workspace\_governance\99_Archives\UMB-ROLE-001_CognitiveLoom_v1.1.md
UMB-RPG-001_ThePhoenixRPGFramework_v11.0.md,GVRN.REG.ThePhoenixRPGFramework.md,High,C:\Users\Chris\Synarche_Workspace\_governance\99_Archives\UMB-RPG-001_ThePhoenixRPGFramework_v11.0.md
UMB-TFE-001_TheArchitectsForge_v1.0.md,GVRN.REG.TheArchitectsForge.md,High,C:\Users\Chris\Synarche_Workspace\_governance\99_Archives\UMB-TFE-001_TheArchitectsForge_v1.0.md
UMB-TRM-001_TruthResonanceMonitor_v2.0.md,GVRN.REG.TruthResonanceMonitor.md,High,C:\Users\Chris\Synarche_Workspace\_governance\99_Archives\UMB-TRM-001_TruthResonanceMonitor_v2.0.md
WLF-NARR-001_WhereLightFades_Directives.md,UNCERTAIN.UNK.WhereLightFades_Directives.md,High,C:\Users\Chris\Synarche_Workspace\_governance\99_Archives\WLF-NARR-001_WhereLightFades_Directives.md
AOP-ARC-001_ArchivalSupersessionProtocol_v11.0.md,SYNG.PROT.ArchivalSupersessionProtocol.md,High,C:\Users\Chris\Synarche_Workspace\_governance\99_Archives\campaign_v11\AOP-ARC-001_ArchivalSupersessionProtocol_v11.0.md
AOP-NDR-001_NonDestructiveRefinement_v11.0.md,SYNG.PROT.NonDestructiveRefinement.md,High,C:\Users\Chris\Synarche_Workspace\_governance\99_Archives\campaign_v11\AOP-NDR-001_NonDestructiveRefinement_v11.0.md
AOP-PROMPT-001_TheCatalystProtocol_v11.1.md,SYNG.PROT.TheCatalystProtocol.md,High,C:\Users\Chris\Synarche_Workspace\_governance\99_Archives\campaign_v11\AOP-PROMPT-001_TheCatalystProtocol_v11.1.md
CORE-CODEX-001_ThePhoenixCodex_v11.2.md,UNCERTAIN.UNK.ThePhoenixCodex.md,High,C:\Users\Chris\Synarche_Workspace\_governance\99_Archives\campaign_v11\CORE-CODEX-001_ThePhoenixCodex_v11.2.md
CORE-CODEX-001_ThePhoenixCodex_v13.0_Draft.md,UNCERTAIN.UNK.ThePhoenixCodex.md,High,C:\Users\Chris\Synarche_Workspace\_governance\99_Archives\campaign_v11\CORE-CODEX-001_ThePhoenixCodex_v13.0_Draft.md
UMB-OSLM-001_MasterArtifactRegistry_v11.0.md,GVRN.REG.MasterArtifactRegistry.md,High,C:\Users\Chris\Synarche_Workspace\_governance\99_Archives\campaign_v11\UMB-OSLM-001_MasterArtifactRegistry_v11.0.md
AOP-CW-001_ContextWeaveEngine_v11.0.md,SYNG.PROT.ContextWeaveEngine.md,High,C:\Users\Chris\Synarche_Workspace\_governance\99_Archives\Protocols\AOP-CW-001_ContextWeaveEngine_v11.0.md
AOP-MAR-001_MasterArtifactRegistryProtocol_v11.0.md,GVRN.REG.MasterArtifactRegistryProtocol.md,High,C:\Users\Chris\Synarche_Workspace\_governance\99_Archives\Protocols\AOP-MAR-001_MasterArtifactRegistryProtocol_v11.0.md
AOP-PGPS-001_AOP-PGPS-001PhoenixGenesisPresentationStandard_v11.0.md,SYNG.PROT.AOP-PGPS-001PhoenixGenesisPresentationStandard.md,High,C:\Users\Chris\Synarche_Workspace\_governance\99_Archives\Protocols\AOP-PGPS-001_AOP-PGPS-001PhoenixGenesisPresentationStandard_v11.0.md
AOP-PHOENIX-001_ThePhoenixFormOperationalBlueprint_v11.0.md,SYNG.PROT.ThePhoenixFormOperationalBlueprint.md,High,C:\Users\Chris\Synarche_Workspace\_governance\99_Archives\Protocols\AOP-PHOENIX-001_ThePhoenixFormOperationalBlueprint_v11.0.md
PRS-GLOSSARY-001_PhoenixLexicon.md,UNCERTAIN.UNK.PhoenixLexicon.md,High,C:\Users\Chris\Synarche_Workspace\_governance\99_Archives\Registries\PRS-GLOSSARY-001_PhoenixLexicon.md
AOP-CSL-002_Synergistic_CSL_Protocol.md,SYNG.PROT.Synergistic_CSL_Protocol.md,High,C:\Users\Chris\Synarche_Workspace\_governance\CDL\AOP-CSL-002_Synergistic_CSL_Protocol.md
AOP-SEED-002_CSL_to_Genesis_Seed_Pipeline.md,SYNG.PROT.CSL_to_Genesis_Seed_Pipeline.md,High,C:\Users\Chris\Synarche_Workspace\_governance\CDL\AOP-SEED-002_CSL_to_Genesis_Seed_Pipeline.md
CMD-PRG-001_ProactiveRiskGovernor_v5.0.md,GVRN.ACT.ProactiveRiskGovernor.md,High,C:\Users\Chris\Synarche_Workspace\_governance\CDL\CMD-PRG-001_ProactiveRiskGovernor_v5.0.md
GUCA-FCSL-001_ CMD_ ForgeCSL v5.0.md,GVRN.ACT. CMD_ ForgeCSL v5.0.md,High,C:\Users\Chris\Synarche_Workspace\_governance\CDL\GUCA-FCSL-001_ CMD_ ForgeCSL v5.0.md
GUCA-LINK-002_CMD_ForgeLink_v1.0.md,GVRN.ACT.CMD_ForgeLink.md,High,C:\Users\Chris\Synarche_Workspace\_governance\CDL\GUCA-LINK-002_CMD_ForgeLink_v1.0.md
GUCA-SEED-001_CMD_NucleateSeed_v1.0.md,GVRN.ACT.CMD_NucleateSeed.md,High,C:\Users\Chris\Synarche_Workspace\_governance\CDL\GUCA-SEED-001_CMD_NucleateSeed_v1.0.md
SELT-CSL-007_CollaborativeSynthesisLog_v7.0.md,GVRN.LOG.CollaborativeSynthesisLog.md,High,C:\Users\Chris\Synarche_Workspace\_governance\CDL\SELT-CSL-007_CollaborativeSynthesisLog_v7.0.md
AOP-CSL-002_Synergistic_CSL_Protocol.md,SYNG.PROT.Synergistic_CSL_Protocol.md,High,C:\Users\Chris\Synarche_Workspace\_governance\CDL\CSL_Archive_Extracted\AOP-CSL-002_Synergistic_CSL_Protocol.md
BLK-APP-001_ActionablePromptPacketBlock.md,UNCERTAIN.UNK.ActionablePromptPacketBlock.md,High,C:\Users\Chris\Synarche_Workspace\_governance\templates\BLK-APP-001_ActionablePromptPacketBlock.md
BLK-COMP-001_ComponentArchitectureBlock.md,UNCERTAIN.UNK.ComponentArchitectureBlock.md,High,C:\Users\Chris\Synarche_Workspace\_governance\templates\BLK-COMP-001_ComponentArchitectureBlock.md
BLK-RISK-001_RiskStateBlock.md,UNCERTAIN.UNK.RiskStateBlock.md,High,C:\Users\Chris\Synarche_Workspace\_governance\templates\BLK-RISK-001_RiskStateBlock.md
BLK-RPG-001_RPGIntegrationBlock.md,UNCERTAIN.UNK.RPGIntegrationBlock.md,High,C:\Users\Chris\Synarche_Workspace\_governance\templates\BLK-RPG-001_RPGIntegrationBlock.md
BLK-SENTINEL-001_IntegrityValidationBlock.md,UNCERTAIN.UNK.IntegrityValidationBlock.md,High,C:\Users\Chris\Synarche_Workspace\_governance\templates\BLK-SENTINEL-001_IntegrityValidationBlock.md
BLK-STRAT-001_StrategicAlignmentBlock.md,UNCERTAIN.UNK.StrategicAlignmentBlock.md,High,C:\Users\Chris\Synarche_Workspace\_governance\templates\BLK-STRAT-001_StrategicAlignmentBlock.md
BLK-UIP-001_UniversalIdentificationBlock.md,UNCERTAIN.UNK.UniversalIdentificationBlock.md,High,C:\Users\Chris\Synarche_Workspace\_governance\templates\BLK-UIP-001_UniversalIdentificationBlock.md
SELT-AOP-007_OperationalPlaybook_v7.0.md,GVRN.LOG.OperationalPlaybook.md,High,C:\Users\Chris\Synarche_Workspace\_governance\templates\SELT-AOP-007_OperationalPlaybook_v7.0.md
SELT-GUCA-007_UniversalCommandArchitecture_v7.0.md,GVRN.LOG.UniversalCommandArchitecture.md,High,C:\Users\Chris\Synarche_Workspace\_governance\templates\SELT-GUCA-007_UniversalCommandArchitecture_v7.0.md
SELT-UMB-007_UniversalModuleBlueprint_v7.0.md,GVRN.LOG.UniversalModuleBlueprint.md,High,C:\Users\Chris\Synarche_Workspace\_governance\templates\SELT-UMB-007_UniversalModuleBlueprint_v7.0.md
UMB-TPL-001_UniversalModuleBlueprint_v10.0.md,GVRN.REG.UniversalModuleBlueprint.md,High,C:\Users\Chris\Synarche_Workspace\_governance\templates\UMB-TPL-001_UniversalModuleBlueprint_v10.0.md
